title,company,location,link
Python Associates,Inflexi Technologies Pvt. Ltd.,Brisbane QLD,https://au.indeed.com/viewjob?jk=fc6fbb7e058690ca
Junior Developer - Python,Akuna Capital,Sydney NSW,https://au.indeed.com/viewjob?jk=a5140e5e41baea9b
"Development Internship - Python, Summer 2020/2021",Akuna Capital,Sydney NSW,https://au.indeed.com/viewjob?jk=ef0bc444790d1dea
Video Lesson Summaries – Writing Position,Zenva Pty Ltd,Remote,https://au.indeed.com/viewjob?jk=ed6cf634de3be331
Python Engineer,No Company Name,Sydney Central Business District NSW,https://au.indeed.com/viewjob?jk=b19859d0acb98307
Python Developer,Akuna Capital,Sydney NSW,https://au.indeed.com/viewjob?jk=0fc471fc6823eb8c
Python Web App Developer,Biarri,Brisbane QLD,https://au.indeed.com/viewjob?jk=6a0c50e734f90b0c
Software Engineer - Developer Efficiency (Python),Canva,Sydney NSW,https://au.indeed.com/viewjob?jk=53ee2ddb3f5c5a66
Software Engineers - Observability,Canva,Sydney NSW,https://au.indeed.com/viewjob?jk=e1a34e019319112d
Graduate Trader Programme (Sydney),Mako,Sydney NSW,https://au.indeed.com/viewjob?jk=5e3a643eee8adcbe
Python Developer,"
Cyient",Sydney NSW,https://au.indeed.com/viewjob?jk=f14fd5774b3f7b62
"Data Engineer - Python, Spark and AWS – Redshift","
ARQ Group",Australia,https://au.indeed.com/viewjob?jk=176a5de49e83f46d
Software Engineers - Cloud Reliability & Infrastructure (Python or Java),Canva,Sydney NSW,https://au.indeed.com/viewjob?jk=b33d3fe255f211fe
Consulting Analyst,Vectra,Australia,https://au.indeed.com/viewjob?jk=856ff3dfb1df014c
Python Developer,"
Dialog Information Technology",Canberra ACT,https://au.indeed.com/viewjob?jk=7f6b3e4eed1a8183
Retail Credit Specialist,"
ANZ Banking Group",Melbourne VIC,https://au.indeed.com/viewjob?jk=97358dea396cc5c7
Software Development Engineer Intern (Brisbane),"
Amazon Support Services PtyLtd",Brisbane QLD,https://au.indeed.com/viewjob?jk=c0b5e927ecada7c8
Data DevOps,"
ARQ Group",Australia,https://au.indeed.com/viewjob?jk=dbf996fd3cf22c31
Performance Monitoring and Reporting Analyst,"
ACSO",Corrimal NSW,https://au.indeed.com/viewjob?jk=72cbf5d7442e6a13
Data Scientist,"
Crown Melbourne Limited",Melbourne VIC,https://au.indeed.com/viewjob?jk=57c2d9ba5a655899
Graduate - Software Development Consultant,FDM Group,Australia,https://au.indeed.com/viewjob?jk=836628cc0cdc39df
Data Scientist (M4),FinXL,Melbourne VIC,https://au.indeed.com/viewjob?jk=b359c67c9ad50573
Data Analyst - Energy Fleet Analytics,"
Tesla",Sydney NSW,https://au.indeed.com/viewjob?jk=fbf58917843ecdd8
LABEL DATA ANALYST,Universal Music Group,Sydney NSW,https://au.indeed.com/viewjob?jk=724d03340ab7e6f4
QA Tester,"
ARQ Group",Australia,https://au.indeed.com/viewjob?jk=97c5473396878407
Junior Data Analyst,"
TabCorp Holdings",Sydney NSW,https://au.indeed.com/viewjob?jk=a914d1220a4a31b2
"Python Software Engineer - Django, AWS",Canva,Sydney NSW,https://au.indeed.com/viewjob?jk=1ab29e4d87a95a74
Portfolio Analyst,"
ANZ Banking Group",Docklands VIC,https://au.indeed.com/viewjob?jk=2e979c7eb0f517c5
Data Specialist,"
Super Retail Group",Australia,https://au.indeed.com/viewjob?jk=79a6c8eab49cd620
Credit Risk Analyst,"
ANZ Banking Group",Melbourne VIC,https://au.indeed.com/viewjob?jk=e572d2f83daf3aaa
Data Scientist - Machine Learning/ Computer Vision / NLP,"
Oracle",Melbourne VIC,https://au.indeed.com/viewjob?jk=2f0f8f9bdad6e4f5
Consultant,"
Deloitte",Melbourne VIC,https://au.indeed.com/viewjob?jk=a22babbf12c0e6b3
Data Analyst,"
Evolution Mining",Australia,https://au.indeed.com/viewjob?jk=a41e5459f83aae9e
Graduate Trader,VivCourt Trading,Sydney NSW,https://au.indeed.com/viewjob?jk=9b65812c7ca5e699
Backend Software Engineer,"
Atlassian",Sydney NSW,https://au.indeed.com/viewjob?jk=c1f0438481bda777
Product Data Analyst,"
Xero",Melbourne VIC,https://au.indeed.com/viewjob?jk=9fae7c6076acec22
Lazada SG - Data Scientist,TechSkills Accelerator,Australia,https://au.indeed.com/viewjob?jk=b4d1414ccb138fce
Azendian - Data Scientist,TechSkills Accelerator,Australia,https://au.indeed.com/viewjob?jk=3d8d3093db3cf97b
Associate Software Engineer,Vix Technology UK Limited,Perth WA,https://au.indeed.com/viewjob?jk=de4be863d32830aa
CNC Machine Operator (Python X),Ahrens Pty Ltd,Kingsford SA,https://au.indeed.com/viewjob?jk=4ee558ed4ae13666
Specialist Data Science Expires soon,"
BHP",Queensland,https://au.indeed.com/viewjob?jk=7eec8c038458385a
Python Developer,"
HAYS",Sydney Central Business District NSW,https://au.indeed.com/viewjob?jk=7a0f386f7ebb635a
Data Engineer,Arkose Labs,Brisbane QLD,https://au.indeed.com/viewjob?jk=429fd3555fd729e5
Node.JS Engineer,No Company Name,Sydney Central Business District NSW,https://au.indeed.com/viewjob?jk=60c909f783617627
Postdoc Research Fellow,"
Macquarie University",Macquarie University NSW,https://au.indeed.com/viewjob?jk=41f1c4b1cc10f3e7
QA Engineer,"
ARQ Group",Australia,https://au.indeed.com/viewjob?jk=16cc86ee6600b330
Junior Cryptocurrency Trader,Akuna Capital,Sydney NSW,https://au.indeed.com/viewjob?jk=8e66819e2a9886ed
Automation Specialists,"
AccessHQ",North Sydney NSW,https://au.indeed.com/viewjob?jk=db694ba95e2da686
Specialist Data Analyst Expires soon,"
BHP",Queensland,https://au.indeed.com/viewjob?jk=1e755d4f851bc419
Envision Digital SG - Data Scientist,TechSkills Accelerator,Australia,https://au.indeed.com/viewjob?jk=1a32229afbc91f5a
"Analyst, Data Analytics (Advanced)","
Insurance Australia Group",Pyrmont NSW,https://au.indeed.com/viewjob?jk=c061755b1e142f45
Python Developer - Trading Infrastructure Team,Akuna Capital,Sydney NSW,https://au.indeed.com/viewjob?jk=0396b5fd01d67494
Technical Business Analyst,"
Michael Page",Parramatta NSW,https://au.indeed.com/viewjob?jk=0ff76b355f87084f
Data Engineer,"
City of Whittlesea",South Morang VIC,https://au.indeed.com/viewjob?jk=51f1f66a38d9e878
Senior Risk Analyst,"
ANZ Banking Group",Melbourne VIC,https://au.indeed.com/viewjob?jk=2301f2b963b8890e
Splunk Engineer,"
Dialog Information Technology",Melbourne VIC,https://au.indeed.com/viewjob?jk=a4086ec7d38b86f1
Cloud Consulting Intern,"
AWS Australia Pty Ltd",Sydney NSW,https://au.indeed.com/viewjob?jk=3dee930a36023df0
Digital Delta - Expression of Interest,"
KPMG",Canberra ACT,https://au.indeed.com/viewjob?jk=318adb34e5854599
Applied Scientist - Intern,"
Amazon Support Services PtyLtd",Australia,https://au.indeed.com/viewjob?jk=b4b9286997ab6239
IAM(ForgeRock),"
Infosys Limited",Melbourne VIC,https://au.indeed.com/viewjob?jk=d1e277291cefd464
Software Development Engineer (Load Balancing),"
Amazon Support Services PtyLtd",Sydney NSW,https://au.indeed.com/viewjob?jk=fd07b1e7b78328c5
Software Engineer,"
Boeing RIV Site",Brisbane QLD,https://au.indeed.com/viewjob?jk=b35bb03499ccc0b8
Junior Quantitative Researcher,Akuna Capital,Sydney NSW,https://au.indeed.com/viewjob?jk=a4f2be3b8effe21a
Bioinformatician,"
Murdoch University",Murdoch WA,https://au.indeed.com/viewjob?jk=7a75420c00b22eee
Business Intelligence (BI) & Data Warehouse Developer,"
Harris Farm",Australia,https://au.indeed.com/viewjob?jk=29ea91e7ddfbd68b
Shopee SG - Data Engineer - Processing & Analysis,TechSkills Accelerator,Australia,https://au.indeed.com/viewjob?jk=36baddf244964c71
Data Analyst,"
Bank of Queensland",Newstead QLD,https://au.indeed.com/viewjob?jk=6c29a9cfa3db6d15
DevSecOps Engineer,"
Flexigroup",Adelaide SA,https://au.indeed.com/viewjob?jk=28ca7d45c4b34e4a
Solution Architect - 22 months contract,"
Reserve Bank of Australia",Sydney NSW,https://au.indeed.com/viewjob?jk=52c40003bafe521d
Test Engineer,Permaconn,Rydalmere NSW,https://au.indeed.com/viewjob?jk=befd5b91cd36af26
Quality Assurance Engineer,Feedzai,Sydney NSW,https://au.indeed.com/viewjob?jk=fcfc018f625b2666
Data Engineer,"
Sedgman Limited",Brisbane QLD,https://au.indeed.com/viewjob?jk=f7e3593a665c9914
Junior Integration Engineer - 6 month fixed term,Invetech,Melbourne VIC,https://au.indeed.com/viewjob?jk=2b4797a00ee724ec
Technology Architect,"
Infosys Limited",Melbourne VIC,https://au.indeed.com/viewjob?jk=4260fb0005e32a99
Data Analyst - Product Forensics,"
ANZ Banking Group",Melbourne VIC,https://au.indeed.com/viewjob?jk=69c2968edb844617
Lucence SG - Bioinformatician / Data Scientist,TechSkills Accelerator,Australia,https://au.indeed.com/viewjob?jk=bcd94213b1d468b4
Junior Data Analyst (Contract),Veeva Systems,Sydney NSW,https://au.indeed.com/viewjob?jk=4834571a8f62137e
Risk Analyst,Akuna Capital,Sydney NSW,https://au.indeed.com/viewjob?jk=4871a8f5c96ecdfb
Software Development Engineer in Test (SDET),"
AccessHQ",Brisbane QLD,https://au.indeed.com/viewjob?jk=e7ab2fd6a2d10ed1
GIS Technician/ Scientist,Senversa,Melbourne VIC,https://au.indeed.com/viewjob?jk=ffd236eda0df3d96
Tech Lead – Ruby on Rails / Elixir / GatsbyJS / JAMstack,Digitalent,Melbourne VIC,https://au.indeed.com/viewjob?jk=fa1fc30bf3e0c992
"Development Internship - User Interface (C#, Web) - Summer 2020/2021",Akuna Capital,Sydney NSW,https://au.indeed.com/viewjob?jk=85be7f14cf576f8e
"Trading Data Systems Engineer, Linux, Python, DevOps – Recession proof industry!",Westbury Partners,Sydney NSW,https://au.indeed.com/viewjob?jk=cac44fa36b4a3811
OSI PI Consultant,"
Infosys Limited",Perth WA,https://au.indeed.com/viewjob?jk=fff078752e546bc5
FX Trading KDB Software Engineer,"
ANZ Banking Group",Melbourne VIC,https://au.indeed.com/viewjob?jk=8873746562550eec
Natural Perils Analyst,"
Insurance Australia Group",Sydney NSW,https://au.indeed.com/viewjob?jk=566249f9fb55b233
Trading Analyst,"
TAL",Sydney NSW,https://au.indeed.com/viewjob?jk=283cca1bdebd7aff
Cloud Engineer (Adelaide or Melbourne with remote options considered),Lifi Labs,Adelaide SA,https://au.indeed.com/viewjob?jk=06f7d74e98450c9f
Data Scientist,"
Macquarie Group Limited",Sydney NSW,https://au.indeed.com/viewjob?jk=ec4a48e3bc0e1c02
NEC SG - Senior Researcher,TechSkills Accelerator,Australia,https://au.indeed.com/viewjob?jk=47e5bc120fe111d5
Data Analyst Reporter,"
Department of Premier & Cabinet",Melbourne VIC,https://au.indeed.com/viewjob?jk=102635e504271354
Engineer,"
ANZ Banking Group",Melbourne VIC,https://au.indeed.com/viewjob?jk=87149fc6024c6b70
Melbourne,Elevio,Melbourne VIC,https://au.indeed.com/viewjob?jk=79d50dfc77833b92
SQL Developer,"
Capgemini Australia",Adelaide SA,https://au.indeed.com/viewjob?jk=00f30a657bed823e
Data Scientist,"
Cancer Institute (NSW)",Sydney NSW,https://au.indeed.com/viewjob?jk=3dee254a6ab17a35
Resync SG - Electronics / Hardware Engineer (Part Time),TechSkills Accelerator,Australia,https://au.indeed.com/viewjob?jk=99549d3420f4687b
AWS Developer,Mielin Enterprise,Sydney NSW,https://au.indeed.com/viewjob?jk=11203f6d44d95e24
Graduate Software Developer,Akuna Capital,Sydney NSW,https://au.indeed.com/viewjob?jk=46572a02a7bfe483
Data Scientist - Geoscience,"
AngloGold Ashanti",Perth WA,https://au.indeed.com/viewjob?jk=39e3d0f6a46abad5
Software Architect,"
BAE Systems",Richmond VIC,https://au.indeed.com/viewjob?jk=b49d0e7e8a65ee4c
Data Scientist - Machine Learning/ Computer Vision / NLP,"
Oracle",Melbourne VIC,https://au.indeed.com/viewjob?jk=2f0f8f9bdad6e4f5
Consultant,"
Deloitte",Melbourne VIC,https://au.indeed.com/viewjob?jk=a22babbf12c0e6b3
Data Analyst,"
Evolution Mining",Australia,https://au.indeed.com/viewjob?jk=a41e5459f83aae9e
Graduate Trader,VivCourt Trading,Sydney NSW,https://au.indeed.com/viewjob?jk=9b65812c7ca5e699
Backend Software Engineer,"
Atlassian",Sydney NSW,https://au.indeed.com/viewjob?jk=c1f0438481bda777
Product Data Analyst,"
Xero",Melbourne VIC,https://au.indeed.com/viewjob?jk=9fae7c6076acec22
Lazada SG - Data Scientist,TechSkills Accelerator,Australia,https://au.indeed.com/viewjob?jk=b4d1414ccb138fce
Azendian - Data Scientist,TechSkills Accelerator,Australia,https://au.indeed.com/viewjob?jk=3d8d3093db3cf97b
Associate Software Engineer,Vix Technology UK Limited,Perth WA,https://au.indeed.com/viewjob?jk=de4be863d32830aa
CNC Machine Operator (Python X),Ahrens Pty Ltd,Kingsford SA,https://au.indeed.com/viewjob?jk=4ee558ed4ae13666
Specialist Data Science Expires soon,"
BHP",Queensland,https://au.indeed.com/viewjob?jk=7eec8c038458385a
Python Developer,"
HAYS",Sydney Central Business District NSW,https://au.indeed.com/viewjob?jk=7a0f386f7ebb635a
Data Engineer,Arkose Labs,Brisbane QLD,https://au.indeed.com/viewjob?jk=429fd3555fd729e5
Node.JS Engineer,No Company Name,Sydney Central Business District NSW,https://au.indeed.com/viewjob?jk=60c909f783617627
Postdoc Research Fellow,"
Macquarie University",Macquarie University NSW,https://au.indeed.com/viewjob?jk=41f1c4b1cc10f3e7
QA Engineer,"
ARQ Group",Australia,https://au.indeed.com/viewjob?jk=16cc86ee6600b330
Junior Cryptocurrency Trader,Akuna Capital,Sydney NSW,https://au.indeed.com/viewjob?jk=8e66819e2a9886ed
Automation Specialists,"
AccessHQ",North Sydney NSW,https://au.indeed.com/viewjob?jk=db694ba95e2da686
Specialist Data Analyst Expires soon,"
BHP",Queensland,https://au.indeed.com/viewjob?jk=1e755d4f851bc419
Envision Digital SG - Data Scientist,TechSkills Accelerator,Australia,https://au.indeed.com/viewjob?jk=1a32229afbc91f5a
"Analyst, Data Analytics (Advanced)","
Insurance Australia Group",Pyrmont NSW,https://au.indeed.com/viewjob?jk=c061755b1e142f45
Python Developer - Trading Infrastructure Team,Akuna Capital,Sydney NSW,https://au.indeed.com/viewjob?jk=0396b5fd01d67494
Technical Business Analyst,"
Michael Page",Parramatta NSW,https://au.indeed.com/viewjob?jk=0ff76b355f87084f
Data Engineer,"
City of Whittlesea",South Morang VIC,https://au.indeed.com/viewjob?jk=51f1f66a38d9e878
Senior Risk Analyst,"
ANZ Banking Group",Melbourne VIC,https://au.indeed.com/viewjob?jk=2301f2b963b8890e
Splunk Engineer,"
Dialog Information Technology",Melbourne VIC,https://au.indeed.com/viewjob?jk=a4086ec7d38b86f1
Cloud Consulting Intern,"
AWS Australia Pty Ltd",Sydney NSW,https://au.indeed.com/viewjob?jk=3dee930a36023df0
Digital Delta - Expression of Interest,"
KPMG",Canberra ACT,https://au.indeed.com/viewjob?jk=318adb34e5854599
Applied Scientist - Intern,"
Amazon Support Services PtyLtd",Australia,https://au.indeed.com/viewjob?jk=b4b9286997ab6239
IAM(ForgeRock),"
Infosys Limited",Melbourne VIC,https://au.indeed.com/viewjob?jk=d1e277291cefd464
Software Development Engineer (Load Balancing),"
Amazon Support Services PtyLtd",Sydney NSW,https://au.indeed.com/viewjob?jk=fd07b1e7b78328c5
Software Engineer,"
Boeing RIV Site",Brisbane QLD,https://au.indeed.com/viewjob?jk=b35bb03499ccc0b8
Junior Quantitative Researcher,Akuna Capital,Sydney NSW,https://au.indeed.com/viewjob?jk=a4f2be3b8effe21a
Bioinformatician,"
Murdoch University",Murdoch WA,https://au.indeed.com/viewjob?jk=7a75420c00b22eee
Business Intelligence (BI) & Data Warehouse Developer,"
Harris Farm",Australia,https://au.indeed.com/viewjob?jk=29ea91e7ddfbd68b
Shopee SG - Data Engineer - Processing & Analysis,TechSkills Accelerator,Australia,https://au.indeed.com/viewjob?jk=36baddf244964c71
Data Analyst,"
Bank of Queensland",Newstead QLD,https://au.indeed.com/viewjob?jk=6c29a9cfa3db6d15
DevSecOps Engineer,"
Flexigroup",Adelaide SA,https://au.indeed.com/viewjob?jk=28ca7d45c4b34e4a
Solution Architect - 22 months contract,"
Reserve Bank of Australia",Sydney NSW,https://au.indeed.com/viewjob?jk=52c40003bafe521d
Test Engineer,Permaconn,Rydalmere NSW,https://au.indeed.com/viewjob?jk=befd5b91cd36af26
Quality Assurance Engineer,Feedzai,Sydney NSW,https://au.indeed.com/viewjob?jk=fcfc018f625b2666
Data Engineer,"
Sedgman Limited",Brisbane QLD,https://au.indeed.com/viewjob?jk=f7e3593a665c9914
Junior Integration Engineer - 6 month fixed term,Invetech,Melbourne VIC,https://au.indeed.com/viewjob?jk=2b4797a00ee724ec
Technology Architect,"
Infosys Limited",Melbourne VIC,https://au.indeed.com/viewjob?jk=4260fb0005e32a99
Data Analyst - Product Forensics,"
ANZ Banking Group",Melbourne VIC,https://au.indeed.com/viewjob?jk=69c2968edb844617
Lucence SG - Bioinformatician / Data Scientist,TechSkills Accelerator,Australia,https://au.indeed.com/viewjob?jk=bcd94213b1d468b4
Junior Data Analyst (Contract),Veeva Systems,Sydney NSW,https://au.indeed.com/viewjob?jk=4834571a8f62137e
Risk Analyst,Akuna Capital,Sydney NSW,https://au.indeed.com/viewjob?jk=4871a8f5c96ecdfb
Software Development Engineer in Test (SDET),"
AccessHQ",Brisbane QLD,https://au.indeed.com/viewjob?jk=e7ab2fd6a2d10ed1
GIS Technician/ Scientist,Senversa,Melbourne VIC,https://au.indeed.com/viewjob?jk=ffd236eda0df3d96
Tech Lead – Ruby on Rails / Elixir / GatsbyJS / JAMstack,Digitalent,Melbourne VIC,https://au.indeed.com/viewjob?jk=fa1fc30bf3e0c992
"Development Internship - User Interface (C#, Web) - Summer 2020/2021",Akuna Capital,Sydney NSW,https://au.indeed.com/viewjob?jk=85be7f14cf576f8e
"Trading Data Systems Engineer, Linux, Python, DevOps – Recession proof industry!",Westbury Partners,Sydney NSW,https://au.indeed.com/viewjob?jk=cac44fa36b4a3811
OSI PI Consultant,"
Infosys Limited",Perth WA,https://au.indeed.com/viewjob?jk=fff078752e546bc5
FX Trading KDB Software Engineer,"
ANZ Banking Group",Melbourne VIC,https://au.indeed.com/viewjob?jk=8873746562550eec
Natural Perils Analyst,"
Insurance Australia Group",Sydney NSW,https://au.indeed.com/viewjob?jk=566249f9fb55b233
Trading Analyst,"
TAL",Sydney NSW,https://au.indeed.com/viewjob?jk=283cca1bdebd7aff
Cloud Engineer (Adelaide or Melbourne with remote options considered),Lifi Labs,Adelaide SA,https://au.indeed.com/viewjob?jk=06f7d74e98450c9f
Data Scientist,"
Macquarie Group Limited",Sydney NSW,https://au.indeed.com/viewjob?jk=ec4a48e3bc0e1c02
NEC SG - Senior Researcher,TechSkills Accelerator,Australia,https://au.indeed.com/viewjob?jk=47e5bc120fe111d5
Quantitative Researcher,Akuna Capital,Sydney NSW,https://au.indeed.com/viewjob?jk=a0fd81cd28212e51
Software Development Engineer - AWS Redshift,"
AWS Australia Pty Ltd",Sydney NSW,https://au.indeed.com/viewjob?jk=4395564a68a2ab5c
Experienced Futures Trader,Akuna Capital,Sydney NSW,https://au.indeed.com/viewjob?jk=07c2a069eeee940c
Jewel Paymentech SG - Lead Data Scientist,TechSkills Accelerator,Australia,https://au.indeed.com/viewjob?jk=2c6cad8a176687f0
Jewel Paymentech SG - Senior Software Developer,TechSkills Accelerator,Australia,https://au.indeed.com/viewjob?jk=5455672abfa0fa3c
Senior Data Analyst,"
Singtel",Macquarie Park NSW,https://au.indeed.com/viewjob?jk=20af2f26f3388a59
Full Stack Web Developer,Neuromersiv,Eveleigh NSW,https://au.indeed.com/viewjob?jk=fdc76e0a974424ff
Full Stack Developer,S2M,Sydney NSW,https://au.indeed.com/viewjob?jk=53ce8c499f8f3797
Research Associate/Fellow - Fungal and Plant Genome Bioinformatics,"
Curtin University of Technology",Perth WA,https://au.indeed.com/viewjob?jk=8f431800b0ce06c4
Cartrack - Data Scientist/Engineer (Driver Behaviour),TechSkills Accelerator,Australia,https://au.indeed.com/viewjob?jk=2038c30c79f0f5a8
Software Engineer in Test,Transpire Technology Pty Ltd,Melbourne VIC,https://au.indeed.com/viewjob?jk=ec8f167abb7703a6
Exablaze Snr FPGA engineer,"
Cisco Systems",St Leonards NSW,https://au.indeed.com/viewjob?jk=9beb324356a472e9
Team Leader - Power Systems,"
GHD",Brisbane QLD,https://au.indeed.com/viewjob?jk=4dfb6c5d825ccc5d
Senior Options Trader,VivCourt Trading,Sydney NSW,https://au.indeed.com/viewjob?jk=313c36ae6a13bbf2
ForgeRock Identity Engineer,"
Capgemini Australia",Melbourne VIC,https://au.indeed.com/viewjob?jk=cfc51bf749276f09
Acoustics Engineer,"
Mott MacDonald",Adelaide SA,https://au.indeed.com/viewjob?jk=be40f9c95819e4dd
Principal Scientist,"
Amazon Support Services PtyLtd",Australia,https://au.indeed.com/viewjob?jk=02313e3f381434db
Power BI Developer,"
Michael Page",Sydney Western Suburbs NSW,https://au.indeed.com/viewjob?jk=2a32dc44567510ca
Shopee SG - TechOps Engineer: Ops Developer,TechSkills Accelerator,Australia,https://au.indeed.com/viewjob?jk=5a450f5b202e1a7a
System Administrator,Safran,Sydney NSW,https://au.indeed.com/viewjob?jk=462ffb306a3c05d3
"Technical Solutions Manager, Publisher Customer Care","
Google",Sydney NSW,https://au.indeed.com/viewjob?jk=79971d67efe6e2cc
Shopee SG - System QA Engineer,TechSkills Accelerator,Australia,https://au.indeed.com/viewjob?jk=621ffaf0e749bd78
Developer - Data Infrastructure Engineering,Akuna Capital,Sydney NSW,https://au.indeed.com/viewjob?jk=1435a8f487bdc095
"Senior Analyst, Engineer","
NAB - National Australia Bank",Melbourne VIC,https://au.indeed.com/viewjob?jk=ec3fc354de6b6922
Application Integration Lead(MQ),Adaps,Melbourne VIC,https://au.indeed.com/viewjob?jk=46ad9ed935a5327c
Senior Data Engineer,AESOP Corporate,Melbourne VIC,https://au.indeed.com/viewjob?jk=c250193ba8d8eb84
Senior Software Technical Lead,Casa Systems Inc,Lane Cove West NSW,https://au.indeed.com/viewjob?jk=859bb25cf16ec054
Insider Threat Analyst,Dtex Systems,Adelaide SA,https://au.indeed.com/viewjob?jk=5ec6cc2225b09b52
Manager Reporting and Analytics,"
Commonwealth Bank",Perth WA,https://au.indeed.com/viewjob?jk=94dffa35598f6aba
Technical Trainer - Training & Certification,"
AWS Australia Pty Ltd",Sydney NSW,https://au.indeed.com/viewjob?jk=6b2ff0cf17f48c35
Image Production Engineer - Expression of Interest,Industrial Light & Magic,Sydney NSW,https://au.indeed.com/viewjob?jk=64e0a954a81c574a
Escalation Engineer - AWS,"
AWS Australia Pty Ltd",Sydney NSW,https://au.indeed.com/viewjob?jk=156c93b71129b143
Infrastructure Engineer - IT Systems and Operations,Canva,Sydney NSW,https://au.indeed.com/viewjob?jk=5e741d8b80ebc811
Senior Sales Engineer,Splunk,Canberra ACT,https://au.indeed.com/viewjob?jk=6896ef2696d6c230
PHP Web Developer,Trellian,Melbourne VIC,https://au.indeed.com/viewjob?jk=3538c68384d9d7ca
Network Automation Engineer,"
Megaport",Brisbane QLD,https://au.indeed.com/viewjob?jk=0fb4707056b4af56
DevSecOps Engineer,"
HAYS",Sydney Central Business District NSW,https://au.indeed.com/viewjob?jk=f4aa2c3d429ab6f4
DynamoDB/NoSQL Solutions Architect,"
AWS Australia Pty Ltd",Sydney NSW,https://au.indeed.com/viewjob?jk=4ba80d57c7085bad
Postdoctoral Researcher - School of Earth and Planetary Sciences,"
Curtin University of Technology",Perth WA,https://au.indeed.com/viewjob?jk=67dbd8eb02fdaec6
Technology Manager / Team Lead,"
HAYS",Sydney Western Suburbs NSW,https://au.indeed.com/viewjob?jk=b10a9b98fcc94441
Senior Technical Officer,"
Australian Catholic University",Melbourne VIC,https://au.indeed.com/viewjob?jk=28c308a81516ce5f
Pipeline TD - Compositing,"
Animal Logic",Sydney NSW,https://au.indeed.com/viewjob?jk=6daca6525bdebe36
Senior Python Engineer - Contract,"
Charterhouse",Sydney NSW,https://au.indeed.com/viewjob?jk=081d90f8ceea8e75
FXTD,Method Studios,Melbourne VIC,https://au.indeed.com/viewjob?jk=9fbd73e2f0027658
Software Development Engineer - AWS Networking,"
Amazon Corporate Services Pty",Sydney NSW,https://au.indeed.com/viewjob?jk=4c62b02e3398c0b1
Senior DevOps/Cloud Engineer,Versent,Melbourne VIC,https://au.indeed.com/viewjob?jk=a2189052d3a99fd8
Associate Software Engineer,"
Reece Group",Burwood VIC,https://au.indeed.com/viewjob?jk=c680acd4655b694a
Automation Test Consultants,"
AccessHQ",South Brisbane QLD,https://au.indeed.com/viewjob?jk=054279288a6e828d
CSIRO Postdoctoral Fellowship in Ecological Remote Sensing,"
CSIRO",Darwin NT,https://au.indeed.com/viewjob?jk=247a4cc5898f95e4
CSIRO Postdoctoral Fellowship in Computer Vision for Feature Extraction in Biological Specimens,"
CSIRO",Canberra ACT,https://au.indeed.com/viewjob?jk=31d4482896a51735
Generalist Programmers,Tantalus Media,Fitzroy VIC,https://au.indeed.com/viewjob?jk=ab1b7cdb3fe372e4
Business Intelligence Engineer,"
AWS Australia Pty Ltd",Sydney NSW,https://au.indeed.com/viewjob?jk=323526d657954e62
Research Data Scientist - Lung Transplant,"
St Vincent's Health Australia",Sydney NSW,https://au.indeed.com/viewjob?jk=3d6c92d1f07376c2
Cloud Lead,"
Macquarie Group Limited",Sydney NSW,https://au.indeed.com/viewjob?jk=972c48408a9edbe4
Quantitative Developer,Akuna Capital,Sydney NSW,https://au.indeed.com/viewjob?jk=e8251a935e321908
Network Development Engineer,"
Amazon Corporate Services Pty",Sydney NSW,https://au.indeed.com/viewjob?jk=7a725a34a5380131
Site Reliability Engineer,"
Accenture",Melbourne VIC,https://au.indeed.com/viewjob?jk=fbd680135f575c9f
Research Data Scientist,"
St Vincent's Hospital Network",Sydney NSW,https://au.indeed.com/viewjob?jk=511daf7b094c1bb1
Application Developer,"
Jacobs",Perth WA,https://au.indeed.com/viewjob?jk=3462bbc860848931
Network Development Engineer - Core Networks - Automation,"
Amazon Corporate Services Pty",Sydney NSW,https://au.indeed.com/viewjob?jk=0ac4023c56265061
Java Developer,"
Macquarie Group Limited",Sydney NSW,https://au.indeed.com/viewjob?jk=da330c149f38e29a
Data Engineer,GMT People,Melbourne VIC,https://au.indeed.com/viewjob?jk=0f596290d4acc1a2
Data Engineer (M4),FinXL,Melbourne VIC,https://au.indeed.com/viewjob?jk=e47bcc9fdae8d26a
Senior Software Engineer - Solr Search Infrastructure,Canva,Sydney NSW,https://au.indeed.com/viewjob?jk=ba181de70d48ea29
Data Scientist,Adaps,Melbourne VIC,https://au.indeed.com/viewjob?jk=ab4b2b9661953970
BI Developer,AllSquares,Melbourne VIC,https://au.indeed.com/viewjob?jk=6ddf68a8679a1c8c
Solutions Architect - Sydney,Databricks,Sydney NSW,https://au.indeed.com/viewjob?jk=dcb652793e6e2881
DevOps Engineer,ELMO Talent Management Software,Sydney NSW,https://au.indeed.com/viewjob?jk=34f04e259229d8c1
Field Engineer,DATACLOUD,Western Australia,https://au.indeed.com/viewjob?jk=601769a5d871bce8
Data Visualisation Specialist,"
HAYS",Canberra ACT,https://au.indeed.com/viewjob?jk=acad47db97459753
Senior Manager Group Analytics,"
AMP Limited",Sydney NSW,https://au.indeed.com/viewjob?jk=a671ba4804318dde
Azure Support Engineer,"
AKQA",Melbourne VIC,https://au.indeed.com/viewjob?jk=13d9c48252a3efba
Data Developer,"
Macquarie Group Limited",Sydney NSW,https://au.indeed.com/viewjob?jk=0836ca42f7625dd5
Professional Services Intern,"
AWS Australia Pty Ltd",Sydney NSW,https://au.indeed.com/viewjob?jk=0bdf5f8152af5a31
NFVi Solution Integrator,"
Ericsson",Sydney NSW,https://au.indeed.com/viewjob?jk=5ac3bc9573549a15
TECH U Cloud Consultant Perth,"
AWS Australia Pty Ltd",Perth WA,https://au.indeed.com/viewjob?jk=46854bd507992d32
Consultant - Network and Infrastructure Automation,"
Red Hat Software",North Sydney NSW,https://au.indeed.com/viewjob?jk=10f498f4110d72a5
Big data – Developer,"
Infosys Limited",Sydney NSW,https://au.indeed.com/viewjob?jk=08fc512aa36e6037
Senior Java Developer (Brisbane),"
ARQ Group",Australia,https://au.indeed.com/viewjob?jk=cbb91808e0e8f3f5
Digital Analytics Analyst,"
Bank of Queensland",Sydney NSW,https://au.indeed.com/viewjob?jk=c7c7cad321653444
Senior Cloud Service Reliability Engineer,Pegasystems,Sydney NSW,https://au.indeed.com/viewjob?jk=172cffc745c71a62
IRAS SG - Senior Infocomm Officer/Infocomm Specialist (Red Team Engineer/ Cybersecurity Engineer),TechSkills Accelerator,Australia,https://au.indeed.com/viewjob?jk=769fac2dc8e969c3
Big Data Development (HBase),"
Infosys Limited",Sydney NSW,https://au.indeed.com/viewjob?jk=8afff8e4867bef3e
Quality Assurance Engineer,"
Amazon Support Services PtyLtd",Sydney NSW,https://au.indeed.com/viewjob?jk=e18ec2a257631640
Digital Media Analyst - SQL,Firesoft People,Surry Hills NSW,https://au.indeed.com/viewjob?jk=10972739c52565e3
FX Artist (Senior Level),Luma Pictures,Melbourne VIC,https://au.indeed.com/viewjob?jk=b9961394a4b97f09
Senior Build Engineer,"Operating Company SLEDGEHAMMER GAMES, INC.",Melbourne VIC,https://au.indeed.com/viewjob?jk=d2c5d465187a001d
Cloud Engineer,Base2 Services,Melbourne VIC,https://au.indeed.com/viewjob?jk=7c5738e9331449ef
Cloud Architect,"
Verizon",Lyneham ACT,https://au.indeed.com/viewjob?jk=b6d50b2912f688af
Lead DevSecOps Engineer,"
Clicks IT Recruitment",Brisbane Central Business District QLD,https://au.indeed.com/viewjob?jk=fec392a5bb4f6585
Data Engineer,ION,Sydney NSW,https://au.indeed.com/viewjob?jk=715a82f121441149
Quality Assurance Engineer - Contract,"
HAYS",Sydney Central Business District NSW,https://au.indeed.com/viewjob?jk=2a0b1d5a9e4db08c
Creature Technical Director,Industrial Light & Magic,Sydney NSW,https://au.indeed.com/viewjob?jk=c3bc57b98a0693b0
APS 6 - Data Analyst,"
Michael Page",Canberra ACT,https://au.indeed.com/viewjob?jk=15a2acc8da8e304b
Software Development Engineer - New AWS Service,"
Amazon Support Services PtyLtd",Sydney NSW,https://au.indeed.com/viewjob?jk=d564e8b662a6617e
Engineer Team Lead,Incandescent Technologies,Sydney NSW,https://au.indeed.com/viewjob?jk=e4c952765f45b91f
Application Security Specialist,"
Woolworths Group",Darlinghurst NSW,https://au.indeed.com/viewjob?jk=a2c3cf334d337a7d
Systems Support Engineer,Salt Recruitment,Melbourne VIC,https://au.indeed.com/viewjob?jk=1e4decc947a4e854
Lead Engineer - Azure and Python,"
Peoplebank",Melbourne City Centre VIC,https://au.indeed.com/viewjob?jk=6dca58887b4007f2
Data Center IT Support Engineer,"
Amazon Corporate Services Pty",Sydney NSW,https://au.indeed.com/viewjob?jk=ac4d88d3fbfac294
System Architect,"
BAE Systems",Osborne SA,https://au.indeed.com/viewjob?jk=a932edfa2d28384d
Solutions Engineer,Confluent,Sydney NSW,https://au.indeed.com/viewjob?jk=f59e0688fab66474
Principal Backend Software Engineer,"
Atlassian",Sydney NSW,https://au.indeed.com/viewjob?jk=6d2a0126604b2d53
SENIOR QUANTITATIVE TRADER,"
Optiver",Sydney NSW,https://au.indeed.com/viewjob?jk=335d3312c7f4123b
GSET Production Engineer (DevOps),"
Goldman Sachs",Sydney NSW,https://au.indeed.com/viewjob?jk=70943658737815f3
Instructor,CrowdStrike,Sydney NSW,https://au.indeed.com/viewjob?jk=7eb8d8bf2e046032
"Security Incident Response Engineer, AWS","
AWS Australia Pty Ltd",Sydney NSW,https://au.indeed.com/viewjob?jk=eaf4d39ceab8a802
RESEARCH OFFICER,"
University of Melbourne",Parkville VIC,https://au.indeed.com/viewjob?jk=ba25ca9639c550e7
"Senior Associate, Data & Analytics","
Macquarie Group Limited",Sydney NSW,https://au.indeed.com/viewjob?jk=fa8d689e50ba2b75
Health Services Research Fellow – Epidemiology/Statistics/Data analytics,"
Macquarie University",Macquarie University NSW,https://au.indeed.com/viewjob?jk=e7cd821357752fbc
GIS Analyst,"
Talent International",New South Wales,https://au.indeed.com/viewjob?jk=b711cd6f6318b5db
Big Data Engineer,"
Horizon Power",Bentley WA,https://au.indeed.com/viewjob?jk=e150df21324517ad
Service Delivery Field Support Engineer,"
NTT Communications ICT Solutions",North Ryde NSW,https://au.indeed.com/viewjob?jk=9274409c9414e692
Service Delivery Field Support Engineer,NTT America Inc.,North Ryde NSW,https://au.indeed.com/viewjob?jk=ac2bcf8c158ae3be
Python Developer - Data and Automation,Spark Recruitment,Sydney Central Business District NSW,https://au.indeed.com/viewjob?jk=ae79f49512427d6c
APS6 Data Analyst,HorizonOne Recruitment,Canberra ACT,https://au.indeed.com/viewjob?jk=e12a4ec7fda38057
Expression of Interest - Data Science Consultant,"
Accenture",Sydney NSW,https://au.indeed.com/viewjob?jk=9cd5b7da70176411
Software Engineer - Software Company,"
Michael Page",Perth WA,https://au.indeed.com/viewjob?jk=5ab45ac1bbad4b12
"IBM Research/Data Scientist - Health AI, Image Analytics","
IBM",Melbourne VIC,https://au.indeed.com/viewjob?jk=453384c613795eff
Trading Application Support Engineer,Akuna Capital,Sydney NSW,https://au.indeed.com/viewjob?jk=ceab3f979f682b81
Software Engineer C++,Electronic Arts,Melbourne VIC,https://au.indeed.com/viewjob?jk=9fc0bcf598d93173
"Customer Engineer, Australia",OakNorth Bank,Sydney NSW,https://au.indeed.com/viewjob?jk=239c6e41869252ba
"IDAM Architect (Okta, F5-APM)","
Infosys Limited",Melbourne VIC,https://au.indeed.com/viewjob?jk=0162058b1ec7560c
Node Fullstack Dev’s x 3 – Polygot,Embedded Search & Selection,Brisbane QLD,https://au.indeed.com/viewjob?jk=b2b1a200ac771bcb
Data Engineer,"TEKsystems, Inc",Sydney Central Business District NSW,https://au.indeed.com/viewjob?jk=4253c5473b0a9bc6
Back End Data Engineer,Salt Recruitment,Sydney NSW,https://au.indeed.com/viewjob?jk=ae08d9c5c8e67515
Senior Software Engineer – Python (Django) + React,Appetency Recruitment Services,Sydney Central Business District NSW,https://au.indeed.com/viewjob?jk=3dc11170937903f0
Postdoctoral Scientist,"
Charles Sturt University",Orange NSW,https://au.indeed.com/viewjob?jk=98a348d5ceea2c04
System Engineer,Kudelski SA,Sydney NSW,https://au.indeed.com/viewjob?jk=7231d089096d7bdd
Senior Software Development Engineer - Aurora fabric & tools team,"
Amazon Corporate Services Pty",Sydney NSW,https://au.indeed.com/viewjob?jk=86fbf95b88097bb0
Senior Data Engineer - Ab Initio,"
Commonwealth Bank",Sydney Central Business District NSW,https://au.indeed.com/viewjob?jk=11b7f223141769a8
DevOps Support Engineer,Versent,Melbourne VIC,https://au.indeed.com/viewjob?jk=70cbd5db65eb7704
"Senior Manager, Devops & Infrastructure Engineering",Splunk,Sydney NSW,https://au.indeed.com/viewjob?jk=01bd06352fff57d2
Senior Software Developer,"
The University of Queensland",St Lucia QLD,https://au.indeed.com/viewjob?jk=477ea511cd4c126a
Trading Technology Production Engineers - Financial Services,Hamilton Barnes,Sydney NSW,https://au.indeed.com/viewjob?jk=8ce2cffbfc6d8454
Pipeline TD,Flying Bark Productions,Sydney NSW,https://au.indeed.com/viewjob?jk=7b1475c9d2388ee7
Software Solutions Architect (ISV) - Australia*,"
AWS Australia Pty Ltd",Brisbane QLD,https://au.indeed.com/viewjob?jk=bfe9473bbd56562e
Analytics Consultant,S2M,Sydney NSW,https://au.indeed.com/viewjob?jk=78d94223225a043e
Lab Support Engineer,"
AWS Australia Pty Ltd",Sydney NSW,https://au.indeed.com/viewjob?jk=dafb8e5c0c7c29a6
Cloud DevOps Engineer,"
Super Retail Group",Australia,https://au.indeed.com/viewjob?jk=0134566a4f934a01
Senior Cloud Engineer,"
Fujitsu",Canberra ACT,https://au.indeed.com/viewjob?jk=1f7db60b291fb606
Graduate Electrical Engineer,"
HAYS",South West WA,https://au.indeed.com/viewjob?jk=a0061b90268a16dd
Senior C++ Developer,"
Macquarie Group Limited",Sydney NSW,https://au.indeed.com/viewjob?jk=a66c4015eeb3ddb7
Senior Product Security Engineer,"
Atlassian",Sydney NSW,https://au.indeed.com/viewjob?jk=adb03378c5deacc9
Sales Engineer,Splunk,Sydney NSW,https://au.indeed.com/viewjob?jk=2ddf23084bb5c69d
Graduate Network Development Engineer - Amazon Web Services,"
Amazon Corporate Services Pty",Sydney NSW,https://au.indeed.com/viewjob?jk=9703961de16a4421
Big Data Systems Services and Support Engineer,Dtex Systems,Adelaide SA,https://au.indeed.com/viewjob?jk=a16282db1be9db4b
C++ Developer,Akuna Capital,Sydney NSW,https://au.indeed.com/viewjob?jk=d0055fb605af67da
DevSecOps Lead,"
Hudson",Brisbane QLD,https://au.indeed.com/viewjob?jk=368f4fe0f39743f9
Senior DevOps Engineer,"
Kmart",Melbourne VIC,https://au.indeed.com/viewjob?jk=4121e02f62ac6a20
BUSINESS INTELLIGENCE ANALYST,"
Torrens University Australia",Sydney Central Business District NSW,https://au.indeed.com/viewjob?jk=681d3eacd46bda24
Cartrack SG - Data Scientist (Computer Vision and Deep Learning),TechSkills Accelerator,Australia,https://au.indeed.com/viewjob?jk=2a331b3054a88754
Expression of Interest - Computational Biologists/ Statistical Geneticists,"
The Garvan Institute of Medical Research",Sydney NSW,https://au.indeed.com/viewjob?jk=3ac797aa11994674
Postdoc Research Fellow - Data Privacy in AI Platforms (DPAIP),"
Macquarie University",Macquarie University NSW,https://au.indeed.com/viewjob?jk=09379cc351a2500f
CSIRO Postdoctoral Fellowship in MLAI FSP: Spatiotemporal Learning from Satellite Data,"
CSIRO",Brisbane QLD,https://au.indeed.com/viewjob?jk=e196d2fdf326990c
Technical Support Engineer,Adyen,Sydney NSW,https://au.indeed.com/viewjob?jk=2c83183cb91d7164
"Software Engineer, Site Reliability Engineering","
Google",Sydney NSW,https://au.indeed.com/viewjob?jk=286e3b90d756d808
Adera SG - Test Engineer Role,TechSkills Accelerator,Australia,https://au.indeed.com/viewjob?jk=7d1544ab27d4d468
Python Developer (Full Stack),"
Hudson",Melbourne VIC,https://au.indeed.com/viewjob?jk=9d130428eac535d5
Developer | Node.js or Python & AWS,"
Peoplebank",Sydney NSW,https://au.indeed.com/viewjob?jk=0b9a43d39f26bbff
Software Engineer - IDE Plugins (IntelliJ IDEA) & Automation,Canva,Sydney NSW,https://au.indeed.com/viewjob?jk=db3aebdac56ad1e6
Senior GIS Consultant,"
RPS Group",Brisbane QLD,https://au.indeed.com/viewjob?jk=3765349e64d551f3
"Image Production Engineer - Expression of Interest Sydney, Australia",Industrial Light & Magic,Sydney NSW,https://au.indeed.com/viewjob?jk=f3b2eab67fcca831
Google Cloud Engineer (M4),FinXL,Melbourne VIC,https://au.indeed.com/viewjob?jk=cb2e879d9f037005
Senior Infrastructure Administrator,"
Clough",Perth WA,https://au.indeed.com/viewjob?jk=8a8660d5e43e97a6
Machine Learning Data Scientist,Susquehanna International Group,Sydney NSW,https://au.indeed.com/viewjob?jk=666a0ab56f5c915c
CarTrack SG - Data Scientist/Engineer (NLP and Chatbot),TechSkills Accelerator,Australia,https://au.indeed.com/viewjob?jk=3bc9292d35a2fffe
Technical Expert,"
Telstra",Adelaide SA,https://au.indeed.com/viewjob?jk=8c09257b53fefb50
GIS Administrator,"
Jacobs",Perth WA,https://au.indeed.com/viewjob?jk=31ba99ec15d37a4e
Technical Support Engineer,Couchbase,Melbourne VIC,https://au.indeed.com/viewjob?jk=f8f7f28fe158aed0
Data Analyst – Demand Forecaster,"
AGL Energy",Melbourne VIC,https://au.indeed.com/viewjob?jk=00608f37d8689384
"Cloud Technical Solutions Engineer, Networking","
Google",Sydney NSW,https://au.indeed.com/viewjob?jk=2c28162dc7da0cd6
Graduate Software Engineer,IRESS Limited,Melbourne VIC,https://au.indeed.com/viewjob?jk=5a91f8dbf4329fd0
Platform Engineer,IRESS Limited,Melbourne VIC,https://au.indeed.com/viewjob?jk=75458131ba1cfa79
Data Analyst,Leidos,Melbourne VIC,https://au.indeed.com/viewjob?jk=da0e9f6eb08f8f03
System Infrastructure Engineer,International Recruitment Group - IRG ltd,Sydney NSW,https://au.indeed.com/viewjob?jk=3dd1e594935d11a7
Shopee SG - Software Engineer - Server,TechSkills Accelerator,Australia,https://au.indeed.com/viewjob?jk=f44e858b06c4108d
Principal Online Engineer,"Operating Company SLEDGEHAMMER GAMES, INC.",Melbourne VIC,https://au.indeed.com/viewjob?jk=cc059ed71caade4a
Data Center Trainee,"
Amazon Corporate Services Pty",Sydney NSW,https://au.indeed.com/viewjob?jk=e4d40a1dfa8f50b6
"Manager, Modelling Data and Data Analytics","
Bank of Queensland",Newstead QLD,https://au.indeed.com/viewjob?jk=c2df0a6c2317c8a9
Research Scientist - Health AI Postdoc FTH 24 Months Melbourne,"
IBM",Melbourne VIC,https://au.indeed.com/viewjob?jk=1377623e91dd7887
DataOps Engineer,"
Capgemini Australia",Melbourne VIC,https://au.indeed.com/viewjob?jk=bf855b9b4a05c3c9
Senior Software Development Engineer – AWS - RDS Open Source,"
AWS Australia Pty Ltd",Sydney NSW,https://au.indeed.com/viewjob?jk=ffe8d011433d9a59
JAVA Developers,Mindcloud Consultants,Canberra ACT,https://au.indeed.com/viewjob?jk=c9be7e8015512690
DevSecOps Lead,u&u Recruitment Partners,Brisbane Central Business District QLD,https://au.indeed.com/viewjob?jk=ebbbcc46f93f5270
Power BI Developer,"
HAYS",Canberra ACT,https://au.indeed.com/viewjob?jk=0541f9bf6758bb35
Senior DevOps Engineer,"
Xero",Melbourne VIC,https://au.indeed.com/viewjob?jk=19225275eabff8b2
Junior Full Stack Software Engineer,"
HAYS",Sydney Central Business District NSW,https://au.indeed.com/viewjob?jk=5571b15d71072f62
Front End Developer Vue.js,"
Clicks IT Recruitment",North Sydney NSW,https://au.indeed.com/viewjob?jk=b9ab474b33b2e221
Digital Cloud Solution Architect,"
Microsoft",Sydney NSW,https://au.indeed.com/viewjob?jk=c6f2e5048e1754b3
Credit Risk Modeller,Ethos BeathChapman,New South Wales,https://au.indeed.com/viewjob?jk=4b7822de95d49461
High-Performance Computing Systems Programmer,"
Talent International",Canberra ACT,https://au.indeed.com/viewjob?jk=3b326288125294ce
Pipeline TD - Layout/Animation,"
Animal Logic",Moore Park NSW,https://au.indeed.com/viewjob?jk=19fe2e1adf9155ac
Senior Data Analyst,"
HAYS",Brisbane Central Business District QLD,https://au.indeed.com/viewjob?jk=5b603cb1e4e391f0
Business Analyst,"
Woolworths Supermarkets",Bella Vista NSW,https://au.indeed.com/viewjob?jk=212945427d011bdc
Cloud Support Specialist – AWS,Embedded Search & Selection,Brisbane QLD,https://au.indeed.com/viewjob?jk=a4ad223dd06e808a
Full-Stack Developer,oOh!,North Sydney NSW,https://au.indeed.com/viewjob?jk=ef19cc91c8d1d416
DevOps Engineer,Embedded Search & Selection,Brisbane QLD,https://au.indeed.com/viewjob?jk=0bf019dfc375548c
Site Reliability Engineer - Core Engineering - Sydney,"
Goldman Sachs",Sydney NSW,https://au.indeed.com/viewjob?jk=959bad1c6e015189
Security Analyst – F5 Senior,Adaps,Melbourne VIC,https://au.indeed.com/viewjob?jk=df31c06855b982df
Senior Data Consultant,ION,Sydney NSW,https://au.indeed.com/viewjob?jk=16d575f0f99acc5f
Senior Manager,Maxfield Search & Selection Limited,Australia,https://au.indeed.com/viewjob?jk=24dad7a632ea9bd3
Senior Systems Engineer - contract role,"
Michael Page",Barangaroo NSW,https://au.indeed.com/viewjob?jk=90408a7852a11ad0
Software Engineer Procedural Geometry & Simulation – C++,"
Animal Logic",Sydney NSW,https://au.indeed.com/viewjob?jk=34a1491c5da34be7
Operations Research Analyst-Australian Defence Force,"Systems Planning and Analysis, Inc.",Canberra ACT,https://au.indeed.com/viewjob?jk=14bc4c1eb760732e
Senior Software Engineer - COFR Software and Network Architect,"
Lockheed Martin Australia",Mawson Lakes SA,https://au.indeed.com/viewjob?jk=a1e4c85fed7d9fe9
Senior DevOps Engineer,"
AMP Limited",Sydney NSW,https://au.indeed.com/viewjob?jk=7ad1ec9691efd63a
DevOps Engineer,HUMANISED GROUP,Brisbane QLD,https://au.indeed.com/viewjob?jk=819671b84a7cfcc4
Mobile Developer,"
Michael Page",Perth WA,https://au.indeed.com/viewjob?jk=f0fe03d334fbc12b
Senior Network Engineer,"
Ricoh",North Ryde NSW,https://au.indeed.com/viewjob?jk=aa10ed626ed997f0
Amaris.AI SG - Senior Data Scientist (Image Processing),TechSkills Accelerator,Australia,https://au.indeed.com/viewjob?jk=4608f97bbb0bbd3c
Lead Data Engineer,Technology Recruiting Solutions,Melbourne VIC,https://au.indeed.com/viewjob?jk=c5de81a0973defbc
Business Support Analyst – Trade Surveillance,"
Westpac Group",Sydney NSW,https://au.indeed.com/viewjob?jk=08532c4f56a16846
Technical Test Lead -Big Data Testing,"
Infosys Limited",Sydney NSW,https://au.indeed.com/viewjob?jk=6d0e973712c2f93f
"Director, Pre-Sales Solutions Consultants",New Relic,Sydney NSW,https://au.indeed.com/viewjob?jk=f91ff271434259d7
Low Latency Network Engineer - Financial Services,Hamilton Barnes,Sydney NSW,https://au.indeed.com/viewjob?jk=7aeedb17603ca2a1
Senior Power Systems Engineer – Harmonics and Power Quality,"
WSP Australia",Sydney NSW,https://au.indeed.com/viewjob?jk=5f386cb6a1bdea84
DevOps Engineer,oOh!,North Sydney NSW,https://au.indeed.com/viewjob?jk=a73b43c4a3c5fee1
Senior Analyst – Automation,Adaps,Melbourne VIC,https://au.indeed.com/viewjob?jk=d587c5a19c7fa105
Production Support/Developer,IT Alliance Australia,Canberra ACT,https://au.indeed.com/viewjob?jk=51ad20b0dc5b3e60
Lead Network Engineer R&S @ Webex IaaS,"
Cisco Systems",Sydney NSW,https://au.indeed.com/viewjob?jk=fdeff26c9f9d906d
Lead Asset Artist,Luma Pictures,Melbourne VIC,https://au.indeed.com/viewjob?jk=4b0643ac9c49fe42
Senior Software Engineer - Site Reliability Engineering,"
Red Hat Software",Remote,https://au.indeed.com/viewjob?jk=873345f3c33bd938
Linux Administrator,Embedded Search & Selection,Brisbane QLD,https://au.indeed.com/viewjob?jk=e4018442c20676a9
Android Developer with Kotlin,"
HAYS",Melbourne City Centre VIC,https://au.indeed.com/viewjob?jk=d570f06bdf5b0906
Policy Testing and Support Engineer (Mobile PCRF & Openet),Launch Recruitment,Sydney NSW,https://au.indeed.com/viewjob?jk=4d9e703d1110c356
Junior Software Engineer,Huxley,Sydney NSW,https://au.indeed.com/viewjob?jk=8031c0adb09bbb74
Network Security Engineer,Tyro,Sydney NSW,https://au.indeed.com/viewjob?jk=9da627b3284e8580
IT Data Analyst,"
Zancott Recruitment",Canberra ACT,https://au.indeed.com/viewjob?jk=2910b8e01fd1e927
DevSecOps Lead,"
Talent International",Brisbane QLD,https://au.indeed.com/viewjob?jk=305f77bf5c36ad89
Cyber Security Architect,"
Deloitte",Sydney NSW,https://au.indeed.com/viewjob?jk=57862b603cf660eb
Actuarial Analyst,"
TAL",Sydney NSW,https://au.indeed.com/viewjob?jk=dcfebb44ec1b0ed9
Shopee SG - Data Infrastructure Engineer,TechSkills Accelerator,Australia,https://au.indeed.com/viewjob?jk=f2e60fa465e6377d
Data Engineer - Product Forensics,"
ANZ Banking Group",Melbourne VIC,https://au.indeed.com/viewjob?jk=f91d3950f5813c28
CSIRO Postdoctoral Fellowship Machine Learning & Artificial Intelligence: Context,"
CSIRO",Sydney NSW,https://au.indeed.com/viewjob?jk=3de0c465cccd59fb
"Business Analyst, Associate Consultant/ Consultant",Synpulse,Australia,https://au.indeed.com/viewjob?jk=ca6cfdc7d115ee42
Service Delivery Support Engineer (L2),"
NTT Communications ICT Solutions",Melbourne VIC,https://au.indeed.com/viewjob?jk=0321b1c8a8cb9cb2
Lazada SG - Senior Software Engineer,TechSkills Accelerator,Australia,https://au.indeed.com/viewjob?jk=12bbc907fa266eb9
Splunk Developer,"
Dialog Information Technology",Melbourne VIC,https://au.indeed.com/viewjob?jk=7b36f0e04e6e5051
DevOps Engineer,Versent,Perth WA,https://au.indeed.com/viewjob?jk=dacfce760b245ce6
Web Developer,Akuna Capital,Sydney NSW,https://au.indeed.com/viewjob?jk=958dbf3ad145f795
Senior Digital Analyst,"
Kmart",Melbourne VIC,https://au.indeed.com/viewjob?jk=3bc77befc2baa892
Analyst - Merchant Credit Risk,Klarna,Sydney NSW,https://au.indeed.com/viewjob?jk=b481de97ebe7afa5
FTTx Design Engineer,FinXL,Sydney NSW,https://au.indeed.com/viewjob?jk=475ed0b6ad547c6b
CSIRO Postdoctoral Fellowship in MLAI FSP: Spatiotemporal Representation Learning,"
CSIRO",Brisbane QLD,https://au.indeed.com/viewjob?jk=48becd66e172c2b9
Junior Solutions Consultant,HiTech Personnel,New South Wales,https://au.indeed.com/viewjob?jk=4fb52b0b83120e6e
Senior Full Stack Developer,Artisan Recruitment,Victoria,https://au.indeed.com/viewjob?jk=b71e059ac5a9b359
Service Engineer 2,"
Microsoft",Sydney NSW,https://au.indeed.com/viewjob?jk=8fea413d1eb3d3d3
Azure Application Development Specialist,"
Microsoft",Perth WA,https://au.indeed.com/viewjob?jk=fba2abb3bbca1f3c
Software Development Engineer,"
Amazon Support Services PtyLtd",Sydney NSW,https://au.indeed.com/viewjob?jk=732fd47f21d2db97
Cloud Engineer – AWS,Embedded Search & Selection,Brisbane QLD,https://au.indeed.com/viewjob?jk=24e8040464d9d008
Security Consultant - Professional Services - Sydney or Melbourne,"
AWS Australia Pty Ltd",Melbourne VIC,https://au.indeed.com/viewjob?jk=0ca2dbfdabafb6f8
Business Analyst,SVABRS Techpool Pvt Ltd,Melbourne VIC,https://au.indeed.com/viewjob?jk=0d9eec89ffbdc27c
Data Engineer - Azure,"
Michael Page",Melbourne VIC,https://au.indeed.com/viewjob?jk=48f9d4ca00ebb3a5
Technical Solution Design – AWS API,Adaps,Melbourne VIC,https://au.indeed.com/viewjob?jk=82511b4e4fcd2871
Senior Cloud Systems Engineer,"
Bank of Queensland",Sydney NSW,https://au.indeed.com/viewjob?jk=fc0f6e1a331bbf92
Senior Solutions Consultant,New Relic,Sydney NSW,https://au.indeed.com/viewjob?jk=57c51fe306bb4375
Solution Architect,"
Clemenger Group",Sydney NSW,https://au.indeed.com/viewjob?jk=fd76f7606daa9313
Solution Architect,"
Ericsson",Melbourne VIC,https://au.indeed.com/viewjob?jk=4ce750382dac4914
Senior DevOps Consultant - Open Location ANZ,"
AWS Australia Pty Ltd",Melbourne VIC,https://au.indeed.com/viewjob?jk=3c3f371fac046bbe
Senior Cloud Architect,"
Outfit",Brisbane QLD,https://au.indeed.com/viewjob?jk=7886d7f191508b40
"Manager, Technical Solutions Engineering, Google Cloud Platform","
Google",Sydney NSW,https://au.indeed.com/viewjob?jk=24fe2877deb5342e
Azure Cloud Engineer,Strive UK,Sydney NSW,https://au.indeed.com/viewjob?jk=83628084b3b2447a
DevOps Engineer – Senior,Adaps,Melbourne VIC,https://au.indeed.com/viewjob?jk=ceffb1d250d24af8
Senior Developer - Tech Startup,"
Michael Page",Perth WA,https://au.indeed.com/viewjob?jk=2509fea425dd353d
Data Scientist,"
HAYS",Canberra ACT,https://au.indeed.com/viewjob?jk=9f0229104fac9e86
Senior Advisory Solution Consultant,ServiceNow,Melbourne VIC,https://au.indeed.com/viewjob?jk=60155751628be757
Senior Security Engineer,"
Robert Walters",Sydney Central Business District NSW,https://au.indeed.com/viewjob?jk=08b0f82c4c3e6c75
Senior Manager Data Analytics (with Tableau Exp),"
Nielsen",Macquarie Park NSW,https://au.indeed.com/viewjob?jk=98234495963008b8
Senior .Net Cloud Engineer - Tech Lead,"
ARQ Group",Australia,https://au.indeed.com/viewjob?jk=329f629d456fdd70
"BigData Engineer - Java, Spark, AWS",Canva,Sydney NSW,https://au.indeed.com/viewjob?jk=50e1a3e6cd6ad7bc
Polyglot Software Engineer,"
HAYS",Sydney NSW,https://au.indeed.com/viewjob?jk=9612992894e43fdb
Senior DevOps Engineer,"
HAYS",Sydney Central Business District NSW,https://au.indeed.com/viewjob?jk=f8befdfd154bac84
DevOps/Senior Linux Administrator,"
Talent International",Canberra ACT,https://au.indeed.com/viewjob?jk=2b31097e12bd485d
DevOps Engineer,Recreo Financial,Sydney Central Business District NSW,https://au.indeed.com/viewjob?jk=e871028e570cd56c
Senior Software Engineer,Motion Recruitment,Sydney NSW,https://au.indeed.com/viewjob?jk=9d3f2dc2b3b6b4f6
Senior Security Consultant – Threat Detection and Incident Response,"
AWS Australia Pty Ltd",Melbourne VIC,https://au.indeed.com/viewjob?jk=c34ef506ef3d7996
DevOps Engineer,"
Bupa",Victoria,https://au.indeed.com/viewjob?jk=e49e2505a5cc789c
Senior Control System Engineer,Verse Group,Perth WA,https://au.indeed.com/viewjob?jk=69ddb85e37bba220
Senior Site Reliability Engineer,Ping Identity,Melbourne VIC,https://au.indeed.com/viewjob?jk=b9d2d795aa7d6331
Principal Cloud Engineer,"
Hudson",Brisbane QLD,https://au.indeed.com/viewjob?jk=19d6beffbbd958a1
Senior Performance Engineer (mobile),Adaps,Melbourne VIC,https://au.indeed.com/viewjob?jk=819dccba6a07bf90
Junior Systems Integrator,"
Horner Recruitment",Melbourne VIC,https://au.indeed.com/viewjob?jk=9e7d30735c51f73b
"Senior Global Operations Manager, Amazon Global Logistics","
Amazon Support Services PtyLtd",Sydney NSW,https://au.indeed.com/viewjob?jk=5295812a31efc89a
Solution Architect,"
HAYS",Melbourne City Centre VIC,https://au.indeed.com/viewjob?jk=0f4d5ef5ac852ac2
ICT Security Specialist x 2,u&u Recruitment Partners,Brisbane QLD,https://au.indeed.com/viewjob?jk=99333cb6a8419ff9
"Risk Analytics, Senior Analyst",Prospa,Darlinghurst NSW,https://au.indeed.com/viewjob?jk=0de4e1ae9abd61b8
Network Security Analyst,Adaps,Melbourne VIC,https://au.indeed.com/viewjob?jk=3a07f69c42825156
Senior Market Risk Manager,"
Mars Recruitment",Sydney NSW,https://au.indeed.com/viewjob?jk=2bb0f16208ed3352
Senior Virtual Infrastructure Engineer - Automation,"
Davidson Recruitment",Melbourne City Centre VIC,https://au.indeed.com/viewjob?jk=abb8e0283486c9a3
Fullstack Engineer – Polygot,Embedded Search & Selection,Brisbane QLD,https://au.indeed.com/viewjob?jk=d359d7bee276e67a
Senior IDAM Engineer,Adaps,Melbourne VIC,https://au.indeed.com/viewjob?jk=c97a15e613940dc5
"Senior Quantitative Developer, Investment Solutions",Anton Murray Consulting,Melbourne VIC,https://au.indeed.com/viewjob?jk=4ffd26e6a74ffb3c
Senior Service Engineer,"
Microsoft",Sydney NSW,https://au.indeed.com/viewjob?jk=49567bbcd1fe0505
Senior Technical Analyst,JDA Software,Sydney NSW,https://au.indeed.com/viewjob?jk=3a5553ec54d063e3
Senior Consultant – Quality Engineer,Adaps,Melbourne VIC,https://au.indeed.com/viewjob?jk=fdbf8ddf26a3cb91
Site Reliability Engineer (Jira Cloud),"
Atlassian",Sydney NSW,https://au.indeed.com/viewjob?jk=6183cefe84d34954
Automation Senior Tester ( Data Warehouse),Adaps,Melbourne VIC,https://au.indeed.com/viewjob?jk=6f9f2a0ea3e53f8b
Senior Test Analyst (Automation & Performance Test Analyst),Adaps,Melbourne VIC,https://au.indeed.com/viewjob?jk=8ae63c1a9fcf640d
Data Analyst,"
HAYS",Sydney Central Business District NSW,https://au.indeed.com/viewjob?jk=32fbf3ab60170b4e
Technical Lead - Cloud & DevOps,"
Robert Half",Sydney Eastern Suburbs NSW,https://au.indeed.com/viewjob?jk=aa718d152078c3ed
Senior Analyst – Quality Engineer,Adaps,Melbourne VIC,https://au.indeed.com/viewjob?jk=87cec25c94fe77a9
Data Scientist (Advanced Analytics),Mindcloud Consultants,Sydney NSW,https://au.indeed.com/viewjob?jk=61ade8ae4dd43379
SWAT/Database Engineer - Federal,ServiceNow,Sydney NSW,https://au.indeed.com/viewjob?jk=ed6a93dc633d9087
SMB Risk Analytics Manager,Zip,Sydney NSW,https://au.indeed.com/viewjob?jk=c09d30ee4007c4ec
Senior Analyst Engineer-Linux,Adaps,Sydney NSW,https://au.indeed.com/viewjob?jk=886444a2ab2e805e
Automation Engineer - Ansible Tower,"
Peoplebank",Sydney Central Business District NSW,https://au.indeed.com/viewjob?jk=35d0fedd13f0f71e
Senior Professional Services Consultant,Splunk,Canberra ACT,https://au.indeed.com/viewjob?jk=a81921b8e499906f
Data Tools Support Officer,HiTech Personnel,New South Wales,https://au.indeed.com/viewjob?jk=ee6b5b42aec33920
Java Engineer,"
Macquarie Group Limited",Sydney NSW,https://au.indeed.com/viewjob?jk=21e7dd48485999d6
Senior Site Reliability Engineer- Federal,ServiceNow,Sydney NSW,https://au.indeed.com/viewjob?jk=853d38a579fa777f
Infrastructure Technical Lead X2,Greythorn Specialist Technology Recruitment,Sydney NSW,https://au.indeed.com/viewjob?jk=9294efa2891ca53b
Software Engineer,Luvo,Sydney NSW,https://au.indeed.com/viewjob?jk=c4dc6a51aa73306c
Rail Operations Analysis and Modeling Specialist - 2 to 7 years - Melbourne or Sydney,"
WSP Australia",Sydney NSW,https://au.indeed.com/viewjob?jk=53ca2437fe1be981
FOC Ops Support Engineer II,"
Amazon Corporate Services Pty",Sydney NSW,https://au.indeed.com/viewjob?jk=3fdfe43d620a95a3
Analyst Engineer,Paxus,Melbourne VIC,https://au.indeed.com/viewjob?jk=c60dd7eb26e37fec
Java Microservices/API Developer,"
Peoplebank",Melbourne City Centre VIC,https://au.indeed.com/viewjob?jk=9e575696af85bb47
Big Data Engineer,Greythorn,Sydney NSW,https://au.indeed.com/viewjob?jk=7c1bb9669c67fa92
Test Manager,PRA,Sydney NSW,https://au.indeed.com/viewjob?jk=4793f4a8d705705b
Senior Hadoop Platform/Big Data Engineer,"
HAYS",Sydney Central Business District NSW,https://au.indeed.com/viewjob?jk=d28d4c483757a8de
Senior DevOps Engineer,"
Telstra",Melbourne VIC,https://au.indeed.com/viewjob?jk=ef583bff66dbd2a4
"Security Incident Response Engineer, Digital Forensic Examiner AWS","
AWS Australia Pty Ltd",Melbourne VIC,https://au.indeed.com/viewjob?jk=fcaebc330ad95c6d
Azure Customer Engineer - Data & AI - CET,"
Microsoft",Sydney NSW,https://au.indeed.com/viewjob?jk=d8b58a71a012bb0c
Senior Splunk ES Consultant,Decipher Bureau,Canberra ACT,https://au.indeed.com/viewjob?jk=ed46c02d8b9512dc
Salesforce Senior Developer,Talent Hub,Australia,https://au.indeed.com/viewjob?jk=7f4e16a46586cbe4
Senior Data Engineer - Finance - Excellent Career Growth!,The Recruitment Company,Sydney NSW,https://au.indeed.com/viewjob?jk=2035e75d3378bc1e
DevOps Consultant,Jefferson Frank,Sydney Central Business District NSW,https://au.indeed.com/viewjob?jk=6e3dbb812a20ce4a
Senior DevOps Engineer,Adaps,Melbourne VIC,https://au.indeed.com/viewjob?jk=c9b3cd6fb04381ac
Band 8 SENIOR DATA ANALYST HR,"
HAYS",Brisbane Central Business District QLD,https://au.indeed.com/viewjob?jk=e00e0444612a888d
Microsoft Azure cloud,"
Infosys Limited",Sydney NSW,https://au.indeed.com/viewjob?jk=a29aeef939b833ba
ML Data Engineer,"
HAYS",Canberra ACT,https://au.indeed.com/viewjob?jk=ae636ee6ad590554
Senior Systems Engineer,RELX Group,Sydney NSW,https://au.indeed.com/viewjob?jk=82f4ccf3b351b4b1
Cloud Engineer,MCS Consulting,Northern Beaches NSW,https://au.indeed.com/viewjob?jk=09aae265466d6906
Software Engineering Manager - Machine Learning,Spark Recruitment,Sydney Central Business District NSW,https://au.indeed.com/viewjob?jk=ed683a5835e57d4c
Data Tools Support Officer,IT Alliance Australia,Canberra ACT,https://au.indeed.com/viewjob?jk=a52380ce8029e932
Linux Engineer,Technology People Australia,Sydney NSW,https://au.indeed.com/viewjob?jk=28c9a0445f546c4d
"Pipeline Technical Director, Level I",Industrial Light & Magic,Sydney NSW,https://au.indeed.com/viewjob?jk=858c733f32584637
Skylab SG - DevOps Engineer – Service Operations,TechSkills Accelerator,Australia,https://au.indeed.com/viewjob?jk=0c2a2b3be74269a2
Hadoop Architect/Developer,"
HAYS",Canberra ACT,https://au.indeed.com/viewjob?jk=fb7025a0609bf838
AWS Cloud Engineering Lead,KAPiTAL Consulting,Sydney NSW,https://au.indeed.com/viewjob?jk=3da2c7ea34d579ac
Senior Systems Engineer,Salt Recruitment,Melbourne VIC,https://au.indeed.com/viewjob?jk=3406e09a1d0ce067
Lead Solution Architect - AWS,"
Michael Page",Sydney NSW,https://au.indeed.com/viewjob?jk=a7a64b0c6afe54da
SAS Data Support Officer,GMT People,Canberra ACT,https://au.indeed.com/viewjob?jk=70b505241f7b3a16
Azure Integration Developer,"
Talent International",New South Wales,https://au.indeed.com/viewjob?jk=fcfff8f1bad994fb
Network Engineer,Adaps,Melbourne VIC,https://au.indeed.com/viewjob?jk=2195327d2d1a70de
Principal Consultant,"
Empired",Perth WA,https://au.indeed.com/viewjob?jk=be56482891554e96
Solutions Architect (Enterprise),"
AWS Australia Pty Ltd",Brisbane QLD,https://au.indeed.com/viewjob?jk=df302acb0e24d4ec
Lead Incident Responder,"
Commonwealth Bank",Sydney Central Business District NSW,https://au.indeed.com/viewjob?jk=c529b11af6101a0b
Software Engineering Manager,Casa Systems Inc,Lane Cove West NSW,https://au.indeed.com/viewjob?jk=d94e4bdec7ca6ca5
Dev Ops Engineer,"
Infosys Limited",Melbourne VIC,https://au.indeed.com/viewjob?jk=53dcc15d21664518
2020/2021 Summer Internship Program - Site Reliability Engineer,"
Atlassian",Sydney NSW,https://au.indeed.com/viewjob?jk=e60a912fd28d4793
Systems Analyst,"
First State Super",Australia,https://au.indeed.com/viewjob?jk=41b3e5cf76bc277d
Senior Python Developer,Opus Recruitment Solutions,Sydney NSW,https://au.indeed.com/viewjob?jk=e3e3c4bc91aa319e
Device and Mobile Software Engineer,MagicCube,Australia,https://au.indeed.com/viewjob?jk=c9c6395bb56a7f7a
Engineering Lead - DevOps,"
Australia Post",Victoria,https://au.indeed.com/viewjob?jk=059b90cc92369fb9
CSIRO Postdoctoral Fellowship in MLAI FSP: Machine Learning for Predicting Disease Outbreaks,"
CSIRO",Brisbane QLD,https://au.indeed.com/viewjob?jk=0508cc5315ee4995
Senior Consultant – Cloud and DevOps,"
Infosys Limited",Melbourne VIC,https://au.indeed.com/viewjob?jk=f5e4326f367b699b
Lazada SG - Senior Algorithm Engineer (Search and Recommendation),TechSkills Accelerator,Australia,https://au.indeed.com/viewjob?jk=50a934c3fd1cbc0f
Application Security Engineer - ANZx,"
ANZ Banking Group",Australia,https://au.indeed.com/viewjob?jk=f321d81a1f1c6dac
Test Analyst - Data Analytics - Melbourne,"
EY",Melbourne VIC,https://au.indeed.com/viewjob?jk=10218952f99d6655
Manager - Biz Ops Enable,"
MasterCard",St Leonards NSW,https://au.indeed.com/viewjob?jk=00bf221cc88446c8
Course Author Roles,Zenva Pty Ltd,Remote,https://au.indeed.com/viewjob?jk=3cf972277fbac7e4
IT Automation Administrator,"
Raytheon Intelligence & Space",Adelaide SA,https://au.indeed.com/viewjob?jk=5a15fa77cde045db
Service Delivery Support Engineer (L2),NTT MSC,Melbourne VIC,https://au.indeed.com/viewjob?jk=3e964022fa3291c2
Data Scientist,"
Amazon Corporate Services Pty",Sydney NSW,https://au.indeed.com/viewjob?jk=3e047df9c0444028
Analyst,Cartology,Sydney NSW,https://au.indeed.com/viewjob?jk=9cfaddc960645e1d
CSIRO Postdoctoral Fellowship in MLAI FSP: Spatiotemporal Learning,"
CSIRO",Brisbane QLD,https://au.indeed.com/viewjob?jk=af1b0f0497f3e535
Data Engineer,"
Westpac Group",Sydney NSW,https://au.indeed.com/viewjob?jk=463e2689045d5c19
Rigging TD,Luma Pictures,Melbourne VIC,https://au.indeed.com/viewjob?jk=2fe60524a188c44d
Cryptocurrency Trader,Akuna Capital,Sydney NSW,https://au.indeed.com/viewjob?jk=3caee6bad2a82e49
"Data Engineer, NAB Data Hub","
NAB - National Australia Bank",Melbourne VIC,https://au.indeed.com/viewjob?jk=2eaab4226f39bfbd
CSIRO Postdoctoral Fellowship in Soil Genomics and Ecological Restoration,"
CSIRO",Perth WA,https://au.indeed.com/viewjob?jk=3f8ec9d0077ff540
Business Finance Analyst,"
Woolworths Supermarkets",Bella Vista NSW,https://au.indeed.com/viewjob?jk=6c9d8880a7328552
Strategy & Operations Manager - Australia,Revolut,Melbourne VIC,https://au.indeed.com/viewjob?jk=3463514a425c02bb
Security Platform Engineer,"
Macquarie Group Limited",Sydney NSW,https://au.indeed.com/viewjob?jk=fd66cf2372d368bd
iAPPS SG - Dev Ops Engineer,TechSkills Accelerator,Australia,https://au.indeed.com/viewjob?jk=eae8be0612c28536
Machine Learning Scientist - Adelaide,"
Amazon Support Services PtyLtd",Australia,https://au.indeed.com/viewjob?jk=82a9e295d4c66d60
FX Artist (Mid Level),Luma Pictures,Melbourne VIC,https://au.indeed.com/viewjob?jk=a59b11b9d476684b
IBM Software Developer IoT/Edge/Distributed Computing in Melbourne,"
IBM",Melbourne VIC,https://au.indeed.com/viewjob?jk=0a3afe485a914e73
Site Reliability Engineer - Managed Services,"
AWS Australia Pty Ltd",Sydney NSW,https://au.indeed.com/viewjob?jk=90b211bdb078c0e6
Cloud Solution Architect - Apps Infra Brisbane,"
Microsoft",Brisbane QLD,https://au.indeed.com/viewjob?jk=c30535fced3edec3
CSIRO Postdoctoral Fellowship in Machine Learning and AI: Biological Systems,"
CSIRO",Brisbane QLD,https://au.indeed.com/viewjob?jk=4d5787a81eadfdd2
Senior Research Officer (Bioinformatician),"
Murdoch Childrens Research Institute",Parkville VIC,https://au.indeed.com/viewjob?jk=518614ab70027cfa
Graduate - Technical Analyst,FDM Group,Australia,https://au.indeed.com/viewjob?jk=08838784ce65c44e
Data Engineer,"
Capgemini Australia",Melbourne VIC,https://au.indeed.com/viewjob?jk=403c833a893f6f62
Senior DevSecOps Engineer,Prospa,Darlinghurst NSW,https://au.indeed.com/viewjob?jk=2b3b4a0a07ec0373
Cloud Solution Architect - Infrastructure - Brisbane,"
Microsoft",Brisbane QLD,https://au.indeed.com/viewjob?jk=12f1ff8bd2b46ea3
Operations Engineer,Incandescent Technologies,Sydney NSW,https://au.indeed.com/viewjob?jk=5d1fc5a8524331c8
BI Data Engineer,"
GenesisCare",Alexandria NSW,https://au.indeed.com/viewjob?jk=950b3a2f04bf4592
C++ Engineer/Programmer/Developer,No Company Name,Melbourne VIC,https://au.indeed.com/viewjob?jk=58de9237b58b5516
"Creature Technical Director Sydney, Australia",Industrial Light & Magic,Sydney NSW,https://au.indeed.com/viewjob?jk=014e11647a5da66d
Data Engineer - Snowflake & Talend,flybuys,Melbourne VIC,https://au.indeed.com/viewjob?jk=c0841a83f7e9e3c2
Senior Quantitative Analyst,QSuper Group,Brisbane QLD,https://au.indeed.com/viewjob?jk=836d40585e504e27
Solution Designer,"
Capgemini Australia",Melbourne VIC,https://au.indeed.com/viewjob?jk=dee5b61d121da7e9
PERFORMANCE ENGINEER / RESEARCHER,"
Optiver",Sydney NSW,https://au.indeed.com/viewjob?jk=bfc8bc20e269d8e0
CSIRO Postdoctoral Fellowship in Machine Learning and Artificial Intelligence in Materials Science,"
CSIRO",Melbourne VIC,https://au.indeed.com/viewjob?jk=afd70f0bc180671e
CSIRO Postdoctoral Fellowship in Remote Monitoring of Habitat Condition,"
CSIRO",Canberra ACT,https://au.indeed.com/viewjob?jk=53c0a333d9abd9a0
Python Developer,Verse Group,Menora WA,https://au.indeed.com/viewjob?jk=2c83b9f3050de953
Postdoctoral Researcher - Cognitive Neuroscience,"
Macquarie University",Macquarie University NSW,https://au.indeed.com/viewjob?jk=09ae336f3031226e
Junior Data Engineer,"
Stockland",Sydney NSW,https://au.indeed.com/viewjob?jk=4076f0bf2a197329
Senior Consultant- Data & AI,"
Empired",Perth WA,https://au.indeed.com/viewjob?jk=de29df0f5a14633a
Graduate DevOps Engineer,IRESS Limited,Melbourne VIC,https://au.indeed.com/viewjob?jk=3e2e2cae6c29b127
Senior Data Engineer,"
NAB - National Australia Bank",Sydney NSW,https://au.indeed.com/viewjob?jk=61b1156ebfaf1e85
Data Scientist,Annalect,Sydney NSW,https://au.indeed.com/viewjob?jk=1a0a575016673f6a
Data Warehouse Engineer,Canva,Sydney NSW,https://au.indeed.com/viewjob?jk=70ef268c005e684f
Data Analyst,"
Denovo Recruitment",Sydney NSW,https://au.indeed.com/viewjob?jk=4196646707e007b3
"Project Manager: AI software, apps and robotics",akin.com,Sydney NSW,https://au.indeed.com/viewjob?jk=4a4425233a57cf19
Senior Python Developer,"
Profusion Group",Melbourne VIC,https://au.indeed.com/viewjob?jk=208bfc7f53f15fa3
Expression of Interest and Referrals,DiUS,Melbourne VIC,https://au.indeed.com/viewjob?jk=962a5c34b270d278
Data Scientist x2,"
Perigon Group",Sydney NSW,https://au.indeed.com/viewjob?jk=b1f48b63b39ae643
"Data Engineer - AWS, Python",FourQuarters,Melbourne VIC,https://au.indeed.com/viewjob?jk=434d6793bdea8097
Senior Software Engineer - Quantum Computing,Quantum Brilliance,Canberra ACT,https://au.indeed.com/viewjob?jk=c83f96803e0d4ef0
Junior Red Teamer,Mossé Security,Melbourne VIC,https://au.indeed.com/viewjob?jk=28f24b354081c603
Data Analytics Instructor - Monash University,Trilogy Education,Melbourne VIC,https://au.indeed.com/viewjob?jk=a77cb84150cb665f
"Analyst, Marketing Analytics - ANZ",SFDC Australia Pty Ltd.,Sydney NSW,https://au.indeed.com/viewjob?jk=d4d484bf96038822
DevOps Engineers,Marlo,Melbourne VIC,https://au.indeed.com/viewjob?jk=0159b26f37c20867
"Data Scientist, AI/ML Developer",SAM.coach,Sydney NSW,https://au.indeed.com/viewjob?jk=ab9a670fbd5365ae
Digital Intern,Glasshat,Sydney NSW,https://au.indeed.com/viewjob?jk=0ce43c11c5891c45
Software Engineers,"
Talent International",Canberra ACT,https://au.indeed.com/viewjob?jk=94e3c1635b817b43
Junior Security Engineer,Mossé Security,Melbourne VIC,https://au.indeed.com/viewjob?jk=e6fbc7941c7733f8
Infrastructure Developer,Biarri Networks,Melbourne VIC,https://au.indeed.com/viewjob?jk=bf82667841345339
Senior Python Developer,We Are Common,New South Wales,https://au.indeed.com/viewjob?jk=c41a2fb440bccb91
Python Engineer,"
HAYS",Sydney Central Business District NSW,https://au.indeed.com/viewjob?jk=c229578de1e9c768
Data Engineering Lead,Linktree,Remote,https://au.indeed.com/viewjob?jk=822b87ee2c01e861
"Senior Machine Learning Engineer, Cash App",Cash App,Sydney NSW,https://au.indeed.com/viewjob?jk=7be89ae4f0ccb262
Full stack software engineer,Ailo,Sydney NSW,https://au.indeed.com/viewjob?jk=469f8290b3aeb305
2 x Software Engineers,Neo Networks,Waterloo NSW,https://au.indeed.com/viewjob?jk=25fb8d368875ca61
Data Engineer,VOCUS,Melbourne VIC,https://au.indeed.com/viewjob?jk=4a2d70787bfe0178
Software Engineer (Python),Mathspace,Sydney NSW,https://au.indeed.com/viewjob?jk=700e8fc35ece1e4e
Scalable Services and Backend Developer,Panopto,Sydney NSW,https://au.indeed.com/viewjob?jk=58b8041469982c4b
Security Development and Operations,FORTIAN,Australia,https://au.indeed.com/viewjob?jk=0d3f00dac8d3f5dd
"Data Engineer - Azure, Python",FourQuarters,Melbourne VIC,https://au.indeed.com/viewjob?jk=beef407786b8cad9
Production Support/Developer,CYOS Solutions,Canberra ACT,https://au.indeed.com/viewjob?jk=2a0ae51515727c04
Senior Data Engineer,"
ASIC",Australia,https://au.indeed.com/viewjob?jk=ebbe57a88c759c0d
Business Solutions Consultant,Hyper Anna,Sydney NSW,https://au.indeed.com/viewjob?jk=ec6a258e04c4b532
Senior Front-end Developer,DiUS,Melbourne VIC,https://au.indeed.com/viewjob?jk=78515fc62b68c052
Data Tools Support Officer,SoftLabs Pty Ltd,Canberra ACT,https://au.indeed.com/viewjob?jk=37176b4f1c42bc4e
Data Engineer - Robotics Startup,MCS Consulting,Sydney NSW,https://au.indeed.com/viewjob?jk=e936098ef1d58ebb
SQL / Python Developer - Financial Markets Fintech,Fitzgerald Jenkins Recruitment,Sydney NSW,https://au.indeed.com/viewjob?jk=d482bebdfbcc03ad
Senior Backend Developer,Present Company,Redfern NSW,https://au.indeed.com/viewjob?jk=0c25a1b149828377
C++ Software Engineer / C++ Developer,AETOS Capital Group,Sydney NSW,https://au.indeed.com/viewjob?jk=18ac2be88fe2f7e1
Developer Programmer,Ariston Partners Australia Pty Ltd,Melbourne VIC,https://au.indeed.com/viewjob?jk=a8b88012b881f7f9
Unica Administrator,Fortune Select,Sydney NSW,https://au.indeed.com/viewjob?jk=9c82ed51e814ca55
Senior Software Engineer,Connecting Talent,Sydney NSW,https://au.indeed.com/viewjob?jk=61fc894d65744884
Senior Data Analyst,Keegan Adams,Sydney NSW,https://au.indeed.com/viewjob?jk=44fdc3ac4bebb347
Junior Data Engineer,Preacta Recruitment,Sydney NSW,https://au.indeed.com/viewjob?jk=a4373a374b939408
Data Analytics Lead,Spaceship Financial Services,Sydney NSW,https://au.indeed.com/viewjob?jk=47bf9946fb509e30
Front End Angular developer $800 Daily Rate,Correlate Resources,Sydney NSW,https://au.indeed.com/viewjob?jk=9d9241d1850f9288
Full Stack Developer,Workit Spaces,Alexandria NSW,https://au.indeed.com/viewjob?jk=7daea700388ed407
Python Programmer,KAPiTAL Consulting,Sydney NSW,https://au.indeed.com/viewjob?jk=d1de003cc76648f5
FinTech Teaching Assistant - Monash University,Trilogy Education,Melbourne VIC,https://au.indeed.com/viewjob?jk=7bf2ffeb7e62aafd
"Insurance Technical Analyst, Consultant/Senior Consultant",Synpulse Australia Pty Ltd,Sydney NSW,https://au.indeed.com/viewjob?jk=51765628b6cdb6c0
"Procurement Manager (Hobart, Darwin and Melbourne)","
Tata Consultancy Services (TCS)",Melbourne VIC,https://au.indeed.com/viewjob?jk=505a77bbf70c90d7
Full Stack Developer (React),Qwirk Rare People,Sydney NSW,https://au.indeed.com/viewjob?jk=0c417b43b1901d36
Head of Web,"
Rotor Studios",Sydney NSW,https://au.indeed.com/viewjob?jk=dd65b1f47fb1ba6f
Python Developer,PS&C Group,Melbourne,https://www.seek.com.au/job/50249857
Python Integration Developer,Attribute Group,Brisbane,https://www.seek.com.au/job/50252377
Software Engineer,Leidos Australia Pty Ltd,Melbourne,https://www.seek.com.au/job/50016689
Data Engineer,Leidos Australia Pty Ltd,Melbourne,https://www.seek.com.au/job/50261767
Data Engineer,Sedgman Limited,Brisbane,https://www.seek.com.au/job/50261061
Data & Analytics Engineer,Employee First,Sydney,https://www.seek.com.au/job/50258013
Software Engineer,Vix Technology Aust Pty Ltd,Perth,https://www.seek.com.au/job/50264244
Data Scientist / Data Engineer (AI Machine Learning),Anson McCade Ltd,Sydney,https://www.seek.com.au/job/50259184
Junior Data Engineer,TechConnect IT Solutions Pty Ltd,Gold Coast,https://www.seek.com.au/job/50225574
Python Developer,PS&C Group,Melbourne,https://www.seek.com.au/job/50249857
Python Integration Developer,Attribute Group,Brisbane,https://www.seek.com.au/job/50252377
Software Engineer,Leidos Australia Pty Ltd,Melbourne,https://www.seek.com.au/job/50016689
Data Engineer,Leidos Australia Pty Ltd,Melbourne,https://www.seek.com.au/job/50261767
Data Engineer,Sedgman Limited,Brisbane,https://www.seek.com.au/job/50261061
Data & Analytics Engineer,Employee First,Sydney,https://www.seek.com.au/job/50258013
Software Engineer,Vix Technology Aust Pty Ltd,Perth,https://www.seek.com.au/job/50264244
Data Scientist / Data Engineer (AI Machine Learning),Anson McCade Ltd,Sydney,https://www.seek.com.au/job/50259184
Junior Data Engineer,TechConnect IT Solutions Pty Ltd,Gold Coast,https://www.seek.com.au/job/50225574
Software Engineer,Bureau Of Meteorology,Melbourne,https://www.seek.com.au/job/50249004
Software Engineer,Bureau Of Meteorology,Melbourne,https://www.seek.com.au/job/50249005
Data Engineer,City of Whittlesea,Melbourne,https://www.seek.com.au/job/50252799
Data & Analytics Engineer,Employee First,Melbourne,https://www.seek.com.au/job/50246896
Software Engineer,Australian Target Systems P/L,Albury Area,https://www.seek.com.au/job/50251169
Data Engineer,Vocus,Melbourne,https://www.seek.com.au/job/50241362
Software Engineer,Ambition,Melbourne,https://www.seek.com.au/job/50251481
Data Scientist,TABCORP,Sydney,https://www.seek.com.au/job/50245405
Junior Data Scientist,CPB Contractors Pty Limited,Sydney,https://www.seek.com.au/job/50214501
Data Analytics Graduate,Allianz Australia Insurance Ltd,Sydney,https://www.seek.com.au/job/50264800
Developer | Node.js or Python & AWS,Peoplebank Australia NSW,Sydney,https://www.seek.com.au/job/50254980
Data Engineer,City of Whittlesea,Melbourne,https://www.seek.com.au/job/50252800
Software Development Engineer,Rheinmetall Defence Australia,Brisbane,https://www.seek.com.au/job/50259027
Software Engineer,Leidos Australia Pty Ltd,ACT,https://www.seek.com.au/job/50152075
Data Scientist,TABCORP,Sydney,https://www.seek.com.au/job/50245404
"Python Software Engineer - Trading (Linux, C++)",Westbury Partners,Sydney,https://www.seek.com.au/job/50256772
Data Engineer / Analyst,Peoplebank Australia NSW,Sydney,https://www.seek.com.au/job/50261246
Data Engineer,Westpac Group,Sydney,https://www.seek.com.au/job/50231603
Data Engineer,Paxus,Adelaide,https://www.seek.com.au/job/50231688
"Research Fellow, Software Engineering",Deakin University,Melbourne,https://www.seek.com.au/job/50258842
Software Engineer,AMP Financial Services,Melbourne,https://www.seek.com.au/job/50217793
Software Engineer,Tidetech,Hobart,https://www.seek.com.au/job/50252170
Data Applications Engineer,Healthdirect Australia,Sydney,https://www.seek.com.au/job/50241827
"Senior Consultant, Quantitative Analyst - JBWere",National Australia Bank,Melbourne,https://www.seek.com.au/job/50224140
Python Developer,Cyient Australia Pty Ltd,Sydney,https://www.seek.com.au/job/50165376
Data Engineer,Capgemini Australia Pty Ltd,Melbourne,https://www.seek.com.au/job/50233703
Software Engineer - Integrations,HotDoc,Melbourne,https://www.seek.com.au/job/50217234
Software Developer,Greater Bank Limited,Gosford & Central Coast,https://www.seek.com.au/job/50258655
Back End Data Engineer,SALT SEARCH PTY LTD,Sydney,https://www.seek.com.au/job/50242508
Data Engineer,ASIC,Sydney,https://www.seek.com.au/job/50221490
Senior Quantitative Analyst,United Super Pty Ltd,Sydney,https://www.seek.com.au/job/50244963
Data Engineer,ASIC,Melbourne,https://www.seek.com.au/job/50221534
Software Engineer,Brisbane,Brisbane,https://www.seek.com.au/job/50197993
Analytics Engineer,Catch Group Pty Ltd,Melbourne,https://www.seek.com.au/job/50223194
Data Analyst,Whittle Consulting,Melbourne,https://www.seek.com.au/job/50236121
Software Developer,Technology One Limited,Brisbane,https://www.seek.com.au/job/50238290
Data Scientist,Crown Melbourne Limited,Melbourne,https://www.seek.com.au/job/50220847
Software Engineer,Boeing Defence Australia,Brisbane,https://www.seek.com.au/job/50206573
AWS Data Engineer,Aurec,Melbourne,https://www.seek.com.au/job/50215151
Senior Quantitative Analyst,United Super Pty Ltd,Melbourne,https://www.seek.com.au/job/50242912
Python Developer,Modis,ACT,https://www.seek.com.au/job/50158552
